{
  "HomePage" : {
    "transaction" : "HomePage",
    "sampleCount" : 2,
    "errorCount" : 0,
    "errorPct" : 0.0,
    "meanResTime" : 2366.5,
    "medianResTime" : 2366.5,
    "minResTime" : 2175.0,
    "maxResTime" : 2558.0,
    "pct1ResTime" : 2558.0,
    "pct2ResTime" : 2558.0,
    "pct3ResTime" : 2558.0,
    "throughput" : 0.7607455306200076,
    "receivedKBytesPerSec" : 138.14737661658424,
    "sentKBytesPerSec" : 0.08840695131228604
  },
  "Total" : {
    "transaction" : "Total",
    "sampleCount" : 10,
    "errorCount" : 0,
    "errorPct" : 0.0,
    "meanResTime" : 1507.0,
    "medianResTime" : 1556.5,
    "minResTime" : 553.0,
    "maxResTime" : 2558.0,
    "pct1ResTime" : 2557.8,
    "pct2ResTime" : 2558.0,
    "pct3ResTime" : 2558.0,
    "throughput" : 3.0740854595757763,
    "receivedKBytesPerSec" : 357.0931519943129,
    "sentKBytesPerSec" : 0.3746541653857977
  },
  "ContactPage" : {
    "transaction" : "ContactPage",
    "sampleCount" : 5,
    "errorCount" : 0,
    "errorPct" : 0.0,
    "meanResTime" : 664.2,
    "medianResTime" : 558.0,
    "minResTime" : 553.0,
    "maxResTime" : 1094.0,
    "pct1ResTime" : 1094.0,
    "pct2ResTime" : 1094.0,
    "pct3ResTime" : 1094.0,
    "throughput" : 1.563966218329684,
    "receivedKBytesPerSec" : 119.83891147951203,
    "sentKBytesPerSec" : 0.19396846653112293
  },
  "AboutPage" : {
    "transaction" : "AboutPage",
    "sampleCount" : 3,
    "errorCount" : 0,
    "errorPct" : 0.0,
    "meanResTime" : 2338.6666666666665,
    "medianResTime" : 2441.0,
    "minResTime" : 2019.0,
    "maxResTime" : 2556.0,
    "pct1ResTime" : 2556.0,
    "pct2ResTime" : 2556.0,
    "pct3ResTime" : 2556.0,
    "throughput" : 1.111934766493699,
    "receivedKBytesPerSec" : 153.93238336267606,
    "sentKBytesPerSec" : 0.13573422442550037
  }
}