{
  "HomePage" : {
    "transaction" : "HomePage",
    "sampleCount" : 2,
    "errorCount" : 0,
    "errorPct" : 0.0,
    "meanResTime" : 2353.0,
    "medianResTime" : 2353.0,
    "minResTime" : 1596.0,
    "maxResTime" : 3110.0,
    "pct1ResTime" : 3110.0,
    "pct2ResTime" : 3110.0,
    "pct3ResTime" : 3110.0,
    "throughput" : 0.6430868167202572,
    "receivedKBytesPerSec" : 116.78117463826366,
    "sentKBytesPerSec" : 0.07347769292604502
  },
  "Total" : {
    "transaction" : "Total",
    "sampleCount" : 10,
    "errorCount" : 0,
    "errorPct" : 0.0,
    "meanResTime" : 1335.7,
    "medianResTime" : 1203.5,
    "minResTime" : 545.0,
    "maxResTime" : 3110.0,
    "pct1ResTime" : 3010.5000000000005,
    "pct2ResTime" : 3110.0,
    "pct3ResTime" : 3110.0,
    "throughput" : 3.207184092366902,
    "receivedKBytesPerSec" : 372.55420892799873,
    "sentKBytesPerSec" : 0.38461152982681207
  },
  "ContactPage" : {
    "transaction" : "ContactPage",
    "sampleCount" : 5,
    "errorCount" : 0,
    "errorPct" : 0.0,
    "meanResTime" : 666.8,
    "medianResTime" : 599.0,
    "minResTime" : 545.0,
    "maxResTime" : 959.0,
    "pct1ResTime" : 959.0,
    "pct2ResTime" : 959.0,
    "pct3ResTime" : 959.0,
    "throughput" : 1.8832391713747645,
    "receivedKBytesPerSec" : 144.30320150659134,
    "sentKBytesPerSec" : 0.22988759416195859
  },
  "AboutPage" : {
    "transaction" : "AboutPage",
    "sampleCount" : 3,
    "errorCount" : 0,
    "errorPct" : 0.0,
    "meanResTime" : 1772.3333333333333,
    "medianResTime" : 1754.0,
    "minResTime" : 1448.0,
    "maxResTime" : 2115.0,
    "pct1ResTime" : 2115.0,
    "pct2ResTime" : 2115.0,
    "pct3ResTime" : 2115.0,
    "throughput" : 1.4184397163120568,
    "receivedKBytesPerSec" : 196.36386303191486,
    "sentKBytesPerSec" : 0.17037898936170212
  }
}